{"cameraMode":{"drawMode":0,"name":"Shaded","section":"Shading Mode"},"sceneLighting":true,"audioPlay":false,"sceneViewState":{"showFog":true,"showMaterialUpdate":false,"showSkybox":true,"showFlares":true,"showImageEffects":true,"showParticleSystems":true},"in2DMode":false,"pivot":{"x":-1.5488195419311524,"y":29.995702743530275,"z":-10.806222915649414},"rotation":{"x":-0.22491899132728578,"y":-0.595707893371582,"z":0.1786099374294281,"w":-0.7501152157783508},"size":21.656692504882814,"orthographic":false}